Test_fmt,Testing the reviews format.,5/5,17:24 01-12-2018
Name,Review,2/5,17:24 01-12-2018
John Doe,Good.,4/5,17:25 01-12-2018
aLongReview,This is a long review. This is a long review. This is a long review. This is a long review. This is a long review. This is a long review. This is a long review. This is a long review. This is a long review. This is a long review. This is a long review. This is a long review. This is a long review. This is a long review. This is a long review. This is a long review. This is a long review. This is a long review. This is a long review. This is a long review. This is a long review. This is a long review. This is a long review. This is a long review. This is a long review. This is a long review. ,5/5,17:25 01-12-2018
Test_Name,Review.,5/5,23:52 01-12-2018
justAnother,another pointless review for testing,5/5,16:41 04-12-2018
ErrorTest,REview for testing the error message.,5/5,14:20 05-12-2018
newLayoutTest,Testing the new .py file layout.,3/5,15:12 06-12-2018
Testing,Testing the alert,5/5,18:00 06-12-2018
Testing,Testing the alert,5/5,18:01 06-12-2018
confirmalert,testing the confirm alert,5/5,18:01 06-12-2018
